name,type,direction,description
smi_00,string,,Generated compound index 0 using pre-trained LibInvent model
smi_01,string,,Generated compound index 1 using pre-trained LibInvent model
smi_02,string,,Generated compound index 2 using pre-trained LibInvent model
smi_03,string,,Generated compound index 3 using pre-trained LibInvent model
smi_04,string,,Generated compound index 4 using pre-trained LibInvent model
smi_05,string,,Generated compound index 5 using pre-trained LibInvent model
smi_06,string,,Generated compound index 6 using pre-trained LibInvent model
smi_07,string,,Generated compound index 7 using pre-trained LibInvent model
smi_08,string,,Generated compound index 8 using pre-trained LibInvent model
smi_09,string,,Generated compound index 9 using pre-trained LibInvent model
smi_10,string,,Generated compound index 10 using pre-trained LibInvent model
smi_11,string,,Generated compound index 11 using pre-trained LibInvent model
smi_12,string,,Generated compound index 12 using pre-trained LibInvent model
smi_13,string,,Generated compound index 13 using pre-trained LibInvent model
smi_14,string,,Generated compound index 14 using pre-trained LibInvent model
smi_15,string,,Generated compound index 15 using pre-trained LibInvent model
smi_16,string,,Generated compound index 16 using pre-trained LibInvent model
smi_17,string,,Generated compound index 17 using pre-trained LibInvent model
smi_18,string,,Generated compound index 18 using pre-trained LibInvent model
smi_19,string,,Generated compound index 19 using pre-trained LibInvent model
smi_20,string,,Generated compound index 20 using pre-trained LibInvent model
smi_21,string,,Generated compound index 21 using pre-trained LibInvent model
smi_22,string,,Generated compound index 22 using pre-trained LibInvent model
smi_23,string,,Generated compound index 23 using pre-trained LibInvent model
smi_24,string,,Generated compound index 24 using pre-trained LibInvent model
smi_25,string,,Generated compound index 25 using pre-trained LibInvent model
smi_26,string,,Generated compound index 26 using pre-trained LibInvent model
smi_27,string,,Generated compound index 27 using pre-trained LibInvent model
smi_28,string,,Generated compound index 28 using pre-trained LibInvent model
smi_29,string,,Generated compound index 29 using pre-trained LibInvent model
smi_30,string,,Generated compound index 30 using pre-trained LibInvent model
smi_31,string,,Generated compound index 31 using pre-trained LibInvent model
smi_32,string,,Generated compound index 32 using pre-trained LibInvent model
smi_33,string,,Generated compound index 33 using pre-trained LibInvent model
smi_34,string,,Generated compound index 34 using pre-trained LibInvent model
smi_35,string,,Generated compound index 35 using pre-trained LibInvent model
smi_36,string,,Generated compound index 36 using pre-trained LibInvent model
smi_37,string,,Generated compound index 37 using pre-trained LibInvent model
smi_38,string,,Generated compound index 38 using pre-trained LibInvent model
smi_39,string,,Generated compound index 39 using pre-trained LibInvent model
smi_40,string,,Generated compound index 40 using pre-trained LibInvent model
smi_41,string,,Generated compound index 41 using pre-trained LibInvent model
smi_42,string,,Generated compound index 42 using pre-trained LibInvent model
smi_43,string,,Generated compound index 43 using pre-trained LibInvent model
smi_44,string,,Generated compound index 44 using pre-trained LibInvent model
smi_45,string,,Generated compound index 45 using pre-trained LibInvent model
smi_46,string,,Generated compound index 46 using pre-trained LibInvent model
smi_47,string,,Generated compound index 47 using pre-trained LibInvent model
smi_48,string,,Generated compound index 48 using pre-trained LibInvent model
smi_49,string,,Generated compound index 49 using pre-trained LibInvent model
smi_50,string,,Generated compound index 50 using pre-trained LibInvent model
smi_51,string,,Generated compound index 51 using pre-trained LibInvent model
smi_52,string,,Generated compound index 52 using pre-trained LibInvent model
smi_53,string,,Generated compound index 53 using pre-trained LibInvent model
smi_54,string,,Generated compound index 54 using pre-trained LibInvent model
smi_55,string,,Generated compound index 55 using pre-trained LibInvent model
smi_56,string,,Generated compound index 56 using pre-trained LibInvent model
smi_57,string,,Generated compound index 57 using pre-trained LibInvent model
smi_58,string,,Generated compound index 58 using pre-trained LibInvent model
smi_59,string,,Generated compound index 59 using pre-trained LibInvent model
smi_60,string,,Generated compound index 60 using pre-trained LibInvent model
smi_61,string,,Generated compound index 61 using pre-trained LibInvent model
smi_62,string,,Generated compound index 62 using pre-trained LibInvent model
smi_63,string,,Generated compound index 63 using pre-trained LibInvent model
smi_64,string,,Generated compound index 64 using pre-trained LibInvent model
smi_65,string,,Generated compound index 65 using pre-trained LibInvent model
smi_66,string,,Generated compound index 66 using pre-trained LibInvent model
smi_67,string,,Generated compound index 67 using pre-trained LibInvent model
smi_68,string,,Generated compound index 68 using pre-trained LibInvent model
smi_69,string,,Generated compound index 69 using pre-trained LibInvent model
smi_70,string,,Generated compound index 70 using pre-trained LibInvent model
smi_71,string,,Generated compound index 71 using pre-trained LibInvent model
smi_72,string,,Generated compound index 72 using pre-trained LibInvent model
smi_73,string,,Generated compound index 73 using pre-trained LibInvent model
smi_74,string,,Generated compound index 74 using pre-trained LibInvent model
smi_75,string,,Generated compound index 75 using pre-trained LibInvent model
smi_76,string,,Generated compound index 76 using pre-trained LibInvent model
smi_77,string,,Generated compound index 77 using pre-trained LibInvent model
smi_78,string,,Generated compound index 78 using pre-trained LibInvent model
smi_79,string,,Generated compound index 79 using pre-trained LibInvent model
smi_80,string,,Generated compound index 80 using pre-trained LibInvent model
smi_81,string,,Generated compound index 81 using pre-trained LibInvent model
smi_82,string,,Generated compound index 82 using pre-trained LibInvent model
smi_83,string,,Generated compound index 83 using pre-trained LibInvent model
smi_84,string,,Generated compound index 84 using pre-trained LibInvent model
smi_85,string,,Generated compound index 85 using pre-trained LibInvent model
smi_86,string,,Generated compound index 86 using pre-trained LibInvent model
smi_87,string,,Generated compound index 87 using pre-trained LibInvent model
smi_88,string,,Generated compound index 88 using pre-trained LibInvent model
smi_89,string,,Generated compound index 89 using pre-trained LibInvent model
smi_90,string,,Generated compound index 90 using pre-trained LibInvent model
smi_91,string,,Generated compound index 91 using pre-trained LibInvent model
smi_92,string,,Generated compound index 92 using pre-trained LibInvent model
smi_93,string,,Generated compound index 93 using pre-trained LibInvent model
smi_94,string,,Generated compound index 94 using pre-trained LibInvent model
smi_95,string,,Generated compound index 95 using pre-trained LibInvent model
smi_96,string,,Generated compound index 96 using pre-trained LibInvent model
smi_97,string,,Generated compound index 97 using pre-trained LibInvent model
smi_98,string,,Generated compound index 98 using pre-trained LibInvent model
smi_99,string,,Generated compound index 99 using pre-trained LibInvent model
